{"plain": 0.7676767676767676, "example": 0.8686868686868687, "bon": 0.8888888888888888}