{"plain": 0.6262626262626263, "example": 0.7171717171717171, "bon": 0.7676767676767676}